{"cameraMode":{"drawMode":0,"name":"Shaded","section":"Shading Mode"},"sceneLighting":true,"audioPlay":false,"sceneViewState":{"m_AlwaysRefresh":false,"showFog":true,"showSkybox":true,"showFlares":true,"showImageEffects":true,"showParticleSystems":true,"showVisualEffectGraphs":true,"m_FxEnabled":true},"in2DMode":false,"pivot":{"x":2.3408048152923586,"y":7.921163082122803,"z":12.534658432006836},"rotation":{"x":-0.08247338980436325,"y":0.8615730404853821,"z":-0.47855469584465029,"w":-0.14851491153240205},"size":3.8107757568359377,"orthographic":false}